{
  "#README": "This config file does not support comments. To see them configure it in-game using YACL or Cloth Config",
  "general": {
    "creative_tab": true,
    "assets_depend_on_loaded_packs": true,
    "save_debug_resources": false,
    "mod_version_check_packet": true,
    "debug_packet": false,
    "tooltips": {
      "mod_origin_enabled": true,
      "block_type_enabled": true,
      "show_on_advanced_tooltips": false
    },
    "types": {
      "wood_type": {
        "betternether.nether_reed": true,
        "betternether.stalagnate": true,
        "betternether.willow": true,
        "betternether.wart": true,
        "betternether.rubeus": true,
        "betternether.mushroom_fir": true,
        "betternether.nether_mushroom": true,
        "betternether.anchor_tree": true,
        "betternether.nether_sakura": true,
        "betterend.mossy_glowshroom": true,
        "betterend.pythadendron": true,
        "betterend.end_lotus": true,
        "betterend.lacugrove": true,
        "betterend.dragon_tree": true,
        "betterend.tenanea": true,
        "betterend.helix_tree": true,
        "betterend.umbrella_tree": true,
        "betterend.jellyshroom": true,
        "betterend.lucernia": true,
        "deeperdarker.echo": true,
        "hybrid-aquatic.driftwood": true,
        "promenade.sakura": true,
        "promenade.maple": true,
        "promenade.palm": true,
        "promenade.dark_amaranth": true,
        "spawn.rotten": true
      },
      "leaves_type": {
        "betternether.willow": true,
        "betternether.rubeus": true,
        "betternether.anchor_tree": true,
        "betternether.nether_sakura": true,
        "betterend.pythadendron": true,
        "betterend.lacugrove": true,
        "betterend.dragon_tree": true,
        "betterend.tenanea": true,
        "betterend.lucernia": true,
        "chipped.apple_acacia": true,
        "chipped.cherry_acacia": true,
        "chipped.dead_acacia": true,
        "chipped.frosted_acacia": true,
        "chipped.golden_acacia": true,
        "chipped.golden_apple_acacia": true,
        "chipped.golden_cherry_acacia": true,
        "chipped.magenta_flower_acacia": true,
        "chipped.orange_acacia": true,
        "chipped.red_acacia": true,
        "chipped.white_flower_acacia": true,
        "chipped.apple_birch": true,
        "chipped.cherry_birch": true,
        "chipped.dead_birch": true,
        "chipped.frosted_birch": true,
        "chipped.golden_birch": true,
        "chipped.golden_apple_birch": true,
        "chipped.golden_cherry_birch": true,
        "chipped.magenta_flower_birch": true,
        "chipped.orange_birch": true,
        "chipped.red_birch": true,
        "chipped.white_flower_birch": true,
        "chipped.apple_dark_oak": true,
        "chipped.cherry_dark_oak": true,
        "chipped.dead_dark_oak": true,
        "chipped.frosted_dark_oak": true,
        "chipped.golden_dark_oak": true,
        "chipped.golden_apple_dark_oak": true,
        "chipped.golden_cherry_dark_oak": true,
        "chipped.magenta_flower_dark_oak": true,
        "chipped.orange_dark_oak": true,
        "chipped.red_dark_oak": true,
        "chipped.white_flower_dark_oak": true,
        "chipped.apple_jungle": true,
        "chipped.cherry_jungle": true,
        "chipped.dead_jungle": true,
        "chipped.frosted_jungle": true,
        "chipped.golden_jungle": true,
        "chipped.golden_apple_jungle": true,
        "chipped.golden_cherry_jungle": true,
        "chipped.magenta_flower_jungle": true,
        "chipped.orange_jungle": true,
        "chipped.red_jungle": true,
        "chipped.white_flower_jungle": true,
        "chipped.apple_oak": true,
        "chipped.cherry_oak": true,
        "chipped.dead_oak": true,
        "chipped.frosted_oak": true,
        "chipped.golden_oak": true,
        "chipped.golden_apple_oak": true,
        "chipped.golden_cherry_oak": true,
        "chipped.magenta_flower_oak": true,
        "chipped.orange_oak": true,
        "chipped.red_oak": true,
        "chipped.white_flower_oak": true,
        "chipped.apple_spruce": true,
        "chipped.cherry_spruce": true,
        "chipped.dead_spruce": true,
        "chipped.frosted_spruce": true,
        "chipped.golden_spruce": true,
        "chipped.golden_apple_spruce": true,
        "chipped.golden_cherry_spruce": true,
        "chipped.magenta_flower_spruce": true,
        "chipped.orange_spruce": true,
        "chipped.red_spruce": true,
        "chipped.white_flower_spruce": true,
        "deeperdarker.echo": true,
        "promenade.sap_maple": true,
        "promenade.vermilion_maple": true,
        "promenade.fulvous_maple": true,
        "promenade.mikado_maple": true,
        "promenade.palm": true,
        "promenade.snowy_spruce": true
      },
      "cake": {}
    },
    "entries": {
      "wood_type": {
        "chipped.fine_planks": true,
        "chipped.checkered_trapdoor": true,
        "chipped.overgrown_trapdoor": true,
        "chipped.overgrown_door": true,
        "chipped.windowed_door": true,
        "chipped.tiled_door": true,
        "chipped.classic_trapdoor": true,
        "chipped.circle_glass": true,
        "chipped.pegged_planks": true,
        "chipped.torch": true,
        "chipped.secret_door": true,
        "chipped.smooth_planks": true,
        "chipped.screen_door": true,
        "chipped.bared_glass": true,
        "chipped.ornate_bared_glass": true,
        "chipped.hewn_planks": true,
        "chipped.crossed_planks": true,
        "chipped.beach_door": true,
        "chipped.fine_vertical_planks": true,
        "chipped.cross_laced_planks": true,
        "chipped.diamond_bordered_glass": true,
        "chipped.railed_planks": true,
        "chipped.planks_mosaic": true,
        "chipped.distorted_trapdoor": true,
        "chipped.iron_barred_trapdoor": true,
        "chipped.circle_glass_pane": true,
        "chipped.versailles_planks": true,
        "chipped.whirlwind_planks": true,
        "chipped.large_diamond_glass_pane": true,
        "another_furniture.flower_box": true,
        "chipped.framed_planks": true,
        "chipped.square_glass": true,
        "chipped.vined_trapdoor": true,
        "decorative_blocks.seat": true,
        "chipped.barrel": true,
        "chipped.woven_glass": true,
        "farmersdelight.cabinet": true,
        "chipped.detailed_planks": true,
        "another_furniture.shutter": true,
        "chipped.woven_trapdoor": true,
        "chipped.cobweb_trapdoor": true,
        "hearth_and_home.lattice": true,
        "chipped.gated_door": true,
        "chipped.supported_door": true,
        "chipped.barred_trapdoor": true,
        "chipped.line_bared_glass_pane": true,
        "twigs.table": true,
        "chipped.horizontal_lined_glass_pane": true,
        "chipped.airy_trapdoor": true,
        "chipped.line_bared_glass": true,
        "chipped.slanted_planks": true,
        "chipped.barred_door": true,
        "decorative_blocks.palisade": true,
        "chipped.suspicious_trapdoor": true,
        "chipped.herringbone_planks": true,
        "another_furniture.drawer": true,
        "chipped.pressed_door": true,
        "chipped.planks_panel": true,
        "chipped.vertically_railed_planks": true,
        "chipped.bared_glass_pane": true,
        "chipped.diamond_bordered_glass_pane": true,
        "chipped.solid_trapdoor": true,
        "chipped.tiled_planks": true,
        "chipped.boarded_door": true,
        "chipped.dual_paneled_door": true,
        "chipped.square_glass_pane": true,
        "another_furniture.shelf": true,
        "chipped.meshed_trapdoor": true,
        "chipped.thin_planks": true,
        "chipped.fancy_trapdoor": true,
        "decorative_blocks.beam": true,
        "decorative_blocks.support": true,
        "chipped.paper_door": true,
        "chipped.warted_trapdoor": true,
        "chipped.basket_woven_planks": true,
        "chipped.enclosed_planks": true,
        "chipped.double_herringbone_planks": true,
        "another_furniture.bench": true,
        "chipped.crated_planks": true,
        "chipped.horizontal_lined_glass": true,
        "chipped.natural_planks": true,
        "chipped.classic_windowed_trapdoor": true,
        "chipped.brick_bond_planks": true,
        "chipped.wickered_planks": true,
        "chipped.bordered_glass_pane": true,
        "chipped.sliding_door": true,
        "chipped.heavy_trapdoor": true,
        "chipped.bordered_glass": true,
        "chipped.laced_planks": true,
        "chipped.boxed_planks": true,
        "chipped.reinforced_crate": true,
        "chipped.large_diamond_glass": true,
        "chipped.snowflake_glass_pane": true,
        "hearth_and_home.sanded_wood": true,
        "chipped.bricky_planks": true,
        "chipped.slotted_trapdoor": true,
        "chipped.shack_door": true,
        "chipped.polished_planks": true,
        "chipped.ornate_bared_glass_pane": true,
        "friendsandfoes.beehive": true,
        "chipped.diagonal_planks": true,
        "chipped.wall_torch": true,
        "chipped.crate": true,
        "chipped.nailed_planks": true,
        "chipped.cornered_planks": true,
        "chipped.shifted_planks": true,
        "chipped.vertical_planks": true,
        "chipped.glass_door": true,
        "chipped.fortified_door": true,
        "chipped.paneled_door": true,
        "chipped.leafy_trapdoor": true,
        "chipped.snowflake_glass": true,
        "chipped.heavy_door": true,
        "chipped.pointless_trapdoor": true,
        "another_furniture.table": true,
        "chipped.stacked_planks": true,
        "chipped.planks_shavings": true,
        "chipped.twisted_trapdoor": true,
        "hearth_and_home.parquet": true,
        "hearth_and_home.vertical_trim": true,
        "hearth_and_home.trim": true,
        "chipped.diamond_planks": true,
        "chipped.woven_glass_pane": true,
        "chipped.windowed_trapdoor": true,
        "chipped.tile_windowed_door": true,
        "chipped.golden_barred_trapdoor": true,
        "another_furniture.chair": true
      },
      "leaves_type": {}
    }
  }
}